code,price,basis,note
MOB_5DD03_US,55286,"$65,000","Synapses MOB_5DD03_US indicates Columbia tuition fees $65,000."
MOB_5DD05_CA,0,0 EUR (unless specified),Synapses agreement info: tuition paid at Telecom/host depending on agreement; often no extra host tuition.
MOB_5DD06_SG,0,0 EUR (unless specified),Synapses agreement info: tuition paid at Telecom/host depending on agreement; often no extra host tuition.
MOB_5DD08_SE,0,0 EUR,Synapses MOB_5DD08_SE notes exchange students pay no tuition; EU/EEA free.
MOB_5DD09_SE,0,0 EUR,Synapses MOB_5DD08_SE notes exchange students pay no tuition; EU/EEA free.
MOB_5DD10_IT,0,0 EUR (unless specified),Synapses agreement info: tuition paid at Telecom/host depending on agreement; often no extra host tuition.
MOB_5DD11_DE,0,0 EUR (unless specified),Synapses agreement info: tuition paid at Telecom/host depending on agreement; often no extra host tuition.
MOB_5DD13_BR,0,0 EUR (unless specified),Synapses agreement info: tuition paid at Telecom/host depending on agreement; often no extra host tuition.
MOB_5DD14_BR,0,0 EUR (unless specified),Synapses agreement info: tuition paid at Telecom/host depending on agreement; often no extra host tuition.
MOB_5DD15_BR,0,0 EUR (unless specified),Synapses agreement info: tuition paid at Telecom/host depending on agreement; often no extra host tuition.
MOB_5DD16_VT,0,0 EUR (unless specified),Synapses agreement info: tuition paid at Telecom/host depending on agreement; often no extra host tuition.
MOB_5DD17_BR,0,0 EUR (unless specified),Synapses agreement info: tuition paid at Telecom/host depending on agreement; often no extra host tuition.
MOB_5DD18_BR,0,0 EUR (unless specified),Synapses agreement info: tuition paid at Telecom/host depending on agreement; often no extra host tuition.
MOB_5DD19_CN,0,0 EUR (unless specified),Synapses agreement info: tuition paid at Telecom/host depending on agreement; often no extra host tuition.
MOB_5DD20_BR,0,0 EUR (unless specified),Synapses agreement info: tuition paid at Telecom/host depending on agreement; often no extra host tuition.
MOB_5DD21_CN,0,0 EUR (unless specified),Synapses agreement info: tuition paid at Telecom/host depending on agreement; often no extra host tuition.
MOB_5DD22_CO,0,0 EUR,Synapses MOB_5DD22_CO says EIA does not charge additional academic/admin fees; second year local fees; no fees for international.
MOB_5DD24_UR,0,0 EUR (unless specified),Synapses agreement info: tuition paid at Telecom/host depending on agreement; often no extra host tuition.
MOB_5Ex10_CN,0,0 EUR,Assumption: exchange agreements typically waive host tuition; verify partner policy.
MOB_5Ex11_FI,0,0 EUR,Assumption: exchange agreements typically waive host tuition; verify partner policy.
MOB_5Ex12_TR,0,0 EUR,Assumption: exchange agreements typically waive host tuition; verify partner policy.
MOB_5Ex13_BE,0,0 EUR,Assumption: exchange agreements typically waive host tuition; verify partner policy.
MOB_5Ex14_CA,0,0 EUR,Assumption: exchange agreements typically waive host tuition; verify partner policy.
MOB_5Ex15_CH,0,0 EUR,Assumption: exchange agreements typically waive host tuition; verify partner policy.
MOB_5Ex16_CA,0,0 EUR,Assumption: exchange agreements typically waive host tuition; verify partner policy.
MOB_5Ex17_VT,0,0 EUR,Assumption: exchange agreements typically waive host tuition; verify partner policy.
MOB_5Ex18_GB,0,0 EUR,Assumption: exchange agreements typically waive host tuition; verify partner policy.
MOB_5Ex21_RU,0,0 EUR,Assumption: exchange agreements typically waive host tuition; verify partner policy.
MOB_5Ex22_KR,0,0 EUR,Assumption: exchange agreements typically waive host tuition; verify partner policy.
MOB_5Ex23_SE,0,0 EUR,Assumption: exchange agreements typically waive host tuition; verify partner policy.
MOB_5Ex24_JP,0,0 EUR,Assumption: exchange agreements typically waive host tuition; verify partner policy.
MOB_5Ex25_NO,0,0 EUR,Assumption: exchange agreements typically waive host tuition; verify partner policy.
MOB_5Ex26_TW,0,0 EUR,Assumption: exchange agreements typically waive host tuition; verify partner policy.
MOB_5Ex27_SG,0,0 EUR,Assumption: exchange agreements typically waive host tuition; verify partner policy.
MOB_5Ex28_IT,0,0 EUR,Assumption: exchange agreements typically waive host tuition; verify partner policy.
MOB_5Ex29_IT,0,0 EUR,Assumption: exchange agreements typically waive host tuition; verify partner policy.
MOB_5Ex30_BR,0,0 EUR,Assumption: exchange agreements typically waive host tuition; verify partner policy.
MOB_5Ex31_KR,0,0 EUR,Assumption: exchange agreements typically waive host tuition; verify partner policy.
MOB_5Ex33_CN,0,0 EUR,Assumption: exchange agreements typically waive host tuition; verify partner policy.
MOB_5Ex34_MX,0,0 EUR,Assumption: exchange agreements typically waive host tuition; verify partner policy.
MOB_5Ex35_DE,0,0 EUR,Assumption: exchange agreements typically waive host tuition; verify partner policy.
MOB_5Ex36_DE,0,0 EUR,Assumption: exchange agreements typically waive host tuition; verify partner policy.
MOB_5Ex37_DE,0,0 EUR,Assumption: exchange agreements typically waive host tuition; verify partner policy.
MOB_5Ex38_DE,0,0 EUR,Assumption: exchange agreements typically waive host tuition; verify partner policy.
MOB_5Ex39_AT,0,0 EUR,Assumption: exchange agreements typically waive host tuition; verify partner policy.
MOB_5Ex40_AU,0,0 EUR,Assumption: exchange agreements typically waive host tuition; verify partner policy.
MOB_5Ex41_AR,0,0 EUR,Assumption: exchange agreements typically waive host tuition; verify partner policy.
MOB_5Ex42_MX,0,0 EUR,Assumption: exchange agreements typically waive host tuition; verify partner policy.
MOB_5Ex43_BR,0,0 EUR,Assumption: exchange agreements typically waive host tuition; verify partner policy.
MOB_5Ex44_CO,0,0 EUR,Assumption: exchange agreements typically waive host tuition; verify partner policy.
MOB_5Ex45_CO,0,0 EUR,Assumption: exchange agreements typically waive host tuition; verify partner policy.
MOB_5Ex46_ES,0,0 EUR,Assumption: exchange agreements typically waive host tuition; verify partner policy.
MOB_5Ex47_HR,0,0 EUR,Assumption: exchange agreements typically waive host tuition; verify partner policy.
MOB_5Ex48_DE,0,0 EUR,Assumption: exchange agreements typically waive host tuition; verify partner policy.
MOB_5Ex49_ES,0,0 EUR,Assumption: exchange agreements typically waive host tuition; verify partner policy.
MOB_5Ex50_ES,0,0 EUR,Assumption: exchange agreements typically waive host tuition; verify partner policy.
MOB_5Ex52_ES,0,0 EUR,Assumption: exchange agreements typically waive host tuition; verify partner policy.
MOB_5Ex53_PL,0,0 EUR,Assumption: exchange agreements typically waive host tuition; verify partner policy.
MOB_5Ex55_IT,0,0 EUR,Assumption: exchange agreements typically waive host tuition; verify partner policy.
MOB_5Ex56_PL,0,0 EUR,Assumption: exchange agreements typically waive host tuition; verify partner policy.
MOB_5Ex57_PL,0,0 EUR,Assumption: exchange agreements typically waive host tuition; verify partner policy.
MOB_5Ex58_PT,0,0 EUR,Assumption: exchange agreements typically waive host tuition; verify partner policy.
MOB_5Ex59_PT,0,0 EUR,Assumption: exchange agreements typically waive host tuition; verify partner policy.
MOB_5Ex60_DE,0,0 EUR,Assumption: exchange agreements typically waive host tuition; verify partner policy.
MOB_5Ex61_FN,0,0 EUR,Assumption: exchange agreements typically waive host tuition; verify partner policy.
MOB_5Ex62_CZ,0,0 EUR,Assumption: exchange agreements typically waive host tuition; verify partner policy.
MOB_5Ex63_GR,0,0 EUR,Assumption: exchange agreements typically waive host tuition; verify partner policy.
MOB_5Ex86_CN,0,0 EUR,Assumption: exchange agreements typically waive host tuition; verify partner policy.
MOB_5Ex87_TW,0,0 EUR,Assumption: exchange agreements typically waive host tuition; verify partner policy.
MOB_5Ex88_IN,0,0 EUR,Assumption: exchange agreements typically waive host tuition; verify partner policy.
MOB_5Ex89_RO,0,0 EUR,Assumption: exchange agreements typically waive host tuition; verify partner policy.
MOB_5Ex90_AR,0,0 EUR,Assumption: exchange agreements typically waive host tuition; verify partner policy.
MOB_5Ex91_JP,0,0 EUR,Assumption: exchange agreements typically waive host tuition; verify partner policy.
MOB_5Ex92_SK,0,0 EUR,Assumption: exchange agreements typically waive host tuition; verify partner policy.
MOB_5Ex93_SE,0,0 EUR,Assumption: exchange agreements typically waive host tuition; verify partner policy.
MOB_5Ex94_TR,0,0 EUR,Assumption: exchange agreements typically waive host tuition; verify partner policy.
MOB_5Ex95_UY,0,0 EUR,Assumption: exchange agreements typically waive host tuition; verify partner policy.
MOB_5Mx01_US,51033,Heuristic,Heuristic estimate by country typical tuition; verify on program page.
MOB_5Mx02_GB,45914,Heuristic,Heuristic estimate by country typical tuition; verify on program page.
MOB_5Mx03_US,51033,Heuristic,Heuristic estimate by country typical tuition; verify on program page.
MOB_5Mx04_US,51033,Heuristic,Heuristic estimate by country typical tuition; verify on program page.
MOB_5Mx05_US,51033,Heuristic,Heuristic estimate by country typical tuition; verify on program page.
MOB_5Mx06_US,51033,Heuristic,Heuristic estimate by country typical tuition; verify on program page.
MOB_5Mx07_US,51033,Heuristic,Heuristic estimate by country typical tuition; verify on program page.
MOB_5Mx08_US,51033,Heuristic,Heuristic estimate by country typical tuition; verify on program page.
MOB_5Mx09_US,51033,Heuristic,Heuristic estimate by country typical tuition; verify on program page.
MOB_5Mx10_US,51033,Heuristic,Heuristic estimate by country typical tuition; verify on program page.
MOB_5Mx11_GB,45914,Heuristic,Heuristic estimate by country typical tuition; verify on program page.
MOB_5Mx12_GB,45914,Heuristic,Heuristic estimate by country typical tuition; verify on program page.
MOB_5Mx13_CH,3228,Heuristic,Heuristic estimate by country typical tuition; verify on program page.
MOB_5Mx14_CH,3228,Heuristic,Heuristic estimate by country typical tuition; verify on program page.
MOB_5Mx15_CH,3228,Heuristic,Heuristic estimate by country typical tuition; verify on program page.
MOB_5Mx16_CH,3228,Heuristic,Heuristic estimate by country typical tuition; verify on program page.
MOB_5Mx17_CH,3228,Heuristic,Heuristic estimate by country typical tuition; verify on program page.
MOB_5Mx18_US,5529,"~$6,500","Georgia Tech OMSCS bursar pdf shows $195 per credit hour + $107 tech fee per semester; estimated total ~$6,500."
MOB_5Mx19_GB,45914,Heuristic,Heuristic estimate by country typical tuition; verify on program page.
MOB_5Mx20_KR,15000,Heuristic,Heuristic fallback estimate; verify.
MOB_5Mx21_SE,0,Heuristic,Heuristic estimate by country typical tuition; verify on program page.
MOB_5Mx23_SE,0,Heuristic,Heuristic estimate by country typical tuition; verify on program page.
MOB_5Mx25_GB,45914,Heuristic,Heuristic estimate by country typical tuition; verify on program page.
MOB_5Mx26_GB,45914,Heuristic,Heuristic estimate by country typical tuition; verify on program page.
MOB_5Mx27_GB,45914,Heuristic,Heuristic estimate by country typical tuition; verify on program page.
MOB_5Mx28_US,51033,Heuristic,Heuristic estimate by country typical tuition; verify on program page.
MOB_5Mx29_US,51033,Heuristic,Heuristic estimate by country typical tuition; verify on program page.
MOB_5Mx30_SG,32000,Heuristic,Heuristic estimate by country typical tuition; verify on program page.
MOB_5Mx31_US,51033,Heuristic,Heuristic estimate by country typical tuition; verify on program page.
MOB_5Mx32_GB,50195,"£43,730","Oxford MSc Advanced Computer Science 2026/27 overseas fee £43,730 (used as estimate)."
MOB_5Mx33_GB,50195,"£43,730","Oxford MSc Advanced Computer Science 2026/27 overseas fee £43,730 (used as estimate)."
MOB_5Mx34_GB,50195,"£43,730","Oxford MSc Advanced Computer Science 2026/27 overseas fee £43,730 (used as estimate)."
MOB_5Mx36_GB,45914,Heuristic,Heuristic estimate by country typical tuition; verify on program page.
MOB_5Mx37_US,51033,Heuristic,Heuristic estimate by country typical tuition; verify on program page.
MOB_5Mx38_DE,40174,Heuristic,Heuristic estimate by country typical tuition; verify on program page.
MOB_5Mx39_NL,22000,Heuristic,Heuristic estimate by country typical tuition; verify on program page.
MOB_5Mx40_US,51033,Heuristic,Heuristic estimate by country typical tuition; verify on program page.
MOB_5Mx41_GB,49013,"£42,700","UCL Information Security MSc page lists international tuition £42,700 for 2026/27 (used as estimate)."
MOB_5Mx42_GB,49013,"£42,700","UCL Information Security MSc page lists international tuition £42,700 for 2026/27 (used as estimate)."
MOB_5Mx43_GB,49013,"£42,700","UCL Information Security MSc page lists international tuition £42,700 for 2026/27 (used as estimate)."
MOB_5Mx45_CH,3228,Heuristic,Heuristic estimate by country typical tuition; verify on program page.
MOB_5Mx46_US,51033,Heuristic,Heuristic estimate by country typical tuition; verify on program page.
MOB_5Mx47_CH,3228,Heuristic,Heuristic estimate by country typical tuition; verify on program page.
MOB_5Mx48_CA,15000,Heuristic,Heuristic estimate by country typical tuition; verify on program page.
MOB_5Mx49_US,51033,Heuristic,Heuristic estimate by country typical tuition; verify on program page.
MOB_5Mx50_US,51033,Heuristic,Heuristic estimate by country typical tuition; verify on program page.
